Roll,Name,Branch,E-mail id
2001CB01,Aron Dowbakin,CB,adowbakin0@noaa.gov
2001CB02,Ramsey Sacks,CB,rsacks1@epa.gov
2001CB03,Denys Fisby,CB,dfisby2@yellowpages.com
2001CB04,Carissa Hibbart,CB,chibbart3@blogtalkradio.com
2001CB05,Armstrong Covil,CB,acovil4@google.cn
2001CE01,Cinnamon D'Enrico,CE,cdenrico1s@macromedia.com
2001CE02,Windham Brookesbie,CE,wbrookesbie1t@ft.com
2001CE03,Wynn Magowan,CE,wmagowan1u@unesco.org
2001CE04,Jane Guittet,CE,jguittet1v@nymag.com
2001CE05,Maurizio Ixer,CE,mixer1w@smugmug.com
2001CS01,Art Rizzone,CS,arizzone3m@arizona.edu
2001CS02,Tallou Glassard,CS,tglassard3n@dmoz.org
2001CS03,Merry O'Heyne,CS,moheyne3o@wsj.com
2001CS04,Chip Duckwith,CS,cduckwith3p@netscape.com
2001CS05,Merwyn Rihanek,CS,mrihanek3q@imgur.com
2001CS06,Louise Noor,CS,lnoor3r@ebay.com
2001EE01,Lesley Grahlmans,EE,lgrahlmans5v@naver.com
2001EE02,Chloe Coling,EE,ccoling5w@delicious.com
2001EE03,Claudio Kennon,EE,ckennon5x@independent.co.uk
2001EE04,Consalve Jacquemy,EE,cjacquemy5y@smugmug.com
2001EE05,Alaster Scare,EE,ascare5z@w3.org
2001EE06,Daune Regelous,EE,dregelous60@accuweather.com
2001ME01,Tom Huge,ME,thuge86@theatlantic.com
2001ME02,Stepha Gallant,ME,sgallant87@163.com
2001ME03,Celle Luckings,ME,cluckings88@arizona.edu
2001ME04,Evonne Shippard,ME,eshippard89@163.com
2001ME05,Noby Brende,ME,nbrende8a@umich.edu
2001ME06,Rabi Yukhnini,ME,ryukhnini8b@ebay.com
2001MM01,Faythe Guillon,MM,fguillonah@virginia.edu
2001MM02,Maryann De Meyer,MM,mdeai@t.co
2001MM03,Portia Reaman,MM,preamanaj@miibeian.gov.cn
2001CB61,Moreen Ucceli,CB,mucceli1o@e-recht24.de
2001CS75,Isabella Trenbay,CS,itrenbay5o@economist.com
2001EE78,Adolphe Tax,EE,atax80@webnode.com
2001ME79,Vickie Levane,ME,vlevaneac@chron.com
