Roll,Name,Branch,E-mail id
2001CB06,Conrado Housley,CB,chousley5@dailymotion.com
2001CB07,Rollo Gumbley,CB,rgumbley6@nbcnews.com
2001CB08,Kaylee Gobel,CB,kgobel7@skype.com
2001CB09,Cynde McGuiney,CB,cmcguiney8@berkeley.edu
2001CB10,Tedman Gammack,CB,tgammack9@istockphoto.com
2001CE06,Abbey Jockle,CE,ajockle1x@opera.com
2001CE07,Adelle De Lascy,CE,ade1y@hubpages.com
2001CE08,Clarke Dunn,CE,cdunn1z@spotify.com
2001CE09,Klarika Compton,CE,kcompton20@ifeng.com
2001CE10,Denna Miroy,CE,dmiroy21@xinhuanet.com
2001CS07,Bartram Brear,CS,bbrear3s@indiatimes.com
2001CS08,Ansley D'Agostino,CS,adagostino3t@blogtalkradio.com
2001CS09,Valaria Powland,CS,vpowland3u@boston.com
2001CS10,Elonore Reddell,CS,ereddell3v@umich.edu
2001CS11,Jazmin Scroggie,CS,jscroggie3w@cisco.com
2001CS12,Sawyere MacLeod,CS,smacleod3x@time.com
2001EE07,Virge Devenish,EE,vdevenish61@cyberchimps.com
2001EE08,Jodi Bidnall,EE,jbidnall62@facebook.com
2001EE09,Rupert Kohen,EE,rkohen63@cam.ac.uk
2001EE10,Vincenty Dovidaitis,EE,vdovidaitis64@about.me
2001EE11,Eric Braisher,EE,ebraisher65@php.net
2001EE12,Sheelah Crotch,EE,scrotch66@loc.gov
2001ME07,Seka Decaze,ME,sdecaze8c@unicef.org
2001ME08,Adeline Westgarth,ME,awestgarth8d@so-net.ne.jp
2001ME09,Francoise Baudou,ME,fbaudou8e@prweb.com
2001ME10,Land Groveham,ME,lgroveham8f@mlb.com
2001ME11,Jorrie Standbrook,ME,jstandbrook8g@istockphoto.com
2001ME12,Dion Lester,ME,dlester8h@google.fr
2001MM04,Had Coad,MM,hcoadak@umn.edu
2001MM05,Chauncey Vinton,MM,cvintonal@ocn.ne.jp
2001MM06,Pedro Armatage,MM,parmatageam@latimes.com
2001CB62,Tomasine Nancekivell,CB,tnancekivell1p@goo.gl
2001CS76,Zitella Lennie,CS,zlennie5p@deliciousdays.com
2001EE79,Wendi Narup,EE,wnarup81@biblegateway.com
2001ME80,Katherina Treneer,ME,ktreneerad@stanford.edu
