Roll,Name,Branch,E-mail id
2001CB16,Ellsworth Burfoot,CB,eburfootf@umich.edu
2001CB17,Catlee ffrench Beytagh,CB,cffrenchg@joomla.org
2001CB18,Dmitri Larrie,CB,dlarrieh@google.co.jp
2001CB19,Elie Bourne,CB,ebournei@google.co.uk
2001CB20,Russ Heynel,CB,rheynelj@ox.ac.uk
2001CE16,Corby Trustram,CE,ctrustram27@dot.gov
2001CE17,Mame Taylour,CE,mtaylour28@symantec.com
2001CE18,Nataniel Elkington,CE,nelkington29@miitbeian.gov.cn
2001CE19,Iorgo Monck,CE,imonck2a@npr.org
2001CE20,Lucina Nowick,CE,lnowick2b@hibu.com
2001CS19,Vonnie Stoney,CS,vstoney44@meetup.com
2001CS20,Shellie Fiander,CS,sfiander45@yahoo.com
2001CS21,Eleni Orsman,CS,eorsman46@howstuffworks.com
2001CS22,Zachariah Riepl,CS,zriepl47@cyberchimps.com
2001CS23,Stacie Yukhnev,CS,syukhnev48@miibeian.gov.cn
2001CS24,Phylys McGlade,CS,pmcglade49@army.mil
2001EE19,Cully Witheridge,EE,cwitheridge6d@spiegel.de
2001EE20,Rhona Clears,EE,rclears6e@sakura.ne.jp
2001EE21,Jillana Pothergill,EE,jpothergill6f@paypal.com
2001EE22,Cody Strickland,EE,cstrickland6g@virginia.edu
2001EE23,Genovera Jentgens,EE,gjentgens6h@umn.edu
2001EE24,Rosette Beuscher,EE,rbeuscher6i@fc2.com
2001ME19,Orel Scorthorne,ME,oscorthorne8o@artisteer.com
2001ME20,Geri Howison,ME,ghowison8p@w3.org
2001ME21,Teddie Gillow,ME,tgillow8q@purevolume.com
2001ME22,Devlin Momery,ME,dmomery8r@reuters.com
2001ME23,Helsa Elsey,ME,helsey8s@nyu.edu
2001ME24,Curr Jannaway,ME,cjannaway8t@columbia.edu
2001MM10,Kylynn Scullard,MM,kscullardaq@microsoft.com
2001MM11,Reyna Drable,MM,rdrablear@go.com
2001MM12,Shandee Benettelli,MM,sbenettellias@google.com
2001CB64,Leora Kingzett,CB,lkingzett1r@irs.gov
2001CS78,Gae O'Henecan,CS,gohenecan5r@dailymail.co.uk
2001EE81,Corella Saunders,EE,csaunders83@google.co.jp
2001ME82,Chet Plaister,ME,cplaisteraf@amazon.com
