Roll,Name,Branch,E-mail id
2001CB21,Dallas Burtt,CB,dburttk@ihg.com
2001CB22,Derry Spoerl,CB,dspoerll@cisco.com
2001CB23,Vivian Gonsalvez,CB,vgonsalvezm@home.pl
2001CB24,Loy Antonetti,CB,lantonettin@hubpages.com
2001CB25,Melisent Perone,CB,mperoneo@adobe.com
2001CE21,Rowena Fishbourne,CE,rfishbourne2c@hostgator.com
2001CE22,Loria Whawell,CE,lwhawell2d@zdnet.com
2001CE23,Antonie Wegener,CE,awegener2e@scribd.com
2001CE24,Ardelia Thame,CE,athame2f@webnode.com
2001CE25,Alfi Tompkin,CE,atompkin2g@ebay.com
2001CS25,Brnaba Conibear,CS,bconibear4a@twitpic.com
2001CS26,Anjela Pauer,CS,apauer4b@marriott.com
2001CS27,Sheba Fairhead,CS,sfairhead4c@craigslist.org
2001CS28,Yankee Dakhov,CS,ydakhov4d@timesonline.co.uk
2001CS29,Salome Hymor,CS,shymor4e@bandcamp.com
2001CS30,Ariela Ragdale,CS,aragdale4f@addtoany.com
2001EE25,Elayne Striker,EE,estriker6j@slate.com
2001EE26,Cacilia Dymoke,EE,cdymoke6k@telegraph.co.uk
2001EE27,Rona Allbrook,EE,rallbrook6l@e-recht24.de
2001EE28,Corinne Rotchell,EE,crotchell6m@ning.com
2001EE29,Dominik Lafont,EE,dlafont6n@seattletimes.com
2001EE30,Alberik Idiens,EE,aidiens6o@constantcontact.com
2001ME25,Mandi Laverock,ME,mlaverock8u@about.me
2001ME26,Dionne Deviney,ME,ddeviney8v@diigo.com
2001ME27,Bron Wharmby,ME,bwharmby8w@dell.com
2001ME28,Margaretta Been,ME,mbeen8x@npr.org
2001ME29,Val Pace,ME,vpace8y@samsung.com
2001ME30,Rudy Galland,ME,rgalland8z@cdbaby.com
2001MM13,Webb Cleere,MM,wcleereat@samsung.com
2001MM14,Ferdie Melliard,MM,fmelliardau@nps.gov
2001MM15,Noach Schohier,MM,nschohierav@bbb.org
2001CE61,Anders Melchior,CE,amelchior3g@utexas.edu
2001CS79,Solomon Hellewell,CS,shellewell5s@who.int
2001EE82,Gregor Chucks,EE,gchucks84@nytimes.com
2001ME83,Saudra Sunock,ME,ssunockag@1688.com
