Roll,Name,Branch,E-mail id
2001CB26,Cordelia Abbyss,CB,cabbyssp@cdc.gov
2001CB27,Bibbie Hargreave,CB,bhargreaveq@senate.gov
2001CB28,Phyllys Terrey,CB,pterreyr@dagondesign.com
2001CB29,Arlen Delacoste,CB,adelacostes@over-blog.com
2001CB30,Bobbye Oxbrough,CB,boxbrought@theglobeandmail.com
2001CE26,Katuscha Tregidga,CE,ktregidga2h@ustream.tv
2001CE27,Rowena Kohen,CE,rkohen2i@mashable.com
2001CE28,Jan Lobell,CE,jlobell2j@cbslocal.com
2001CE29,Shawna Merida,CE,smerida2k@csmonitor.com
2001CE30,Siffre Cordle,CE,scordle2l@harvard.edu
2001CS31,Wolfie Clother,CS,wclother4g@hibu.com
2001CS32,Tracey Hoofe,CS,thoofe4h@google.fr
2001CS33,Janos Gurys,CS,jgurys4i@tinyurl.com
2001CS34,Micky McCarle,CS,mmccarle4j@creativecommons.org
2001CS35,Niles Brogan,CS,nbrogan4k@mit.edu
2001CS36,Kellina Gibbeson,CS,kgibbeson4l@ucoz.ru
2001EE31,Ulrich Gouly,EE,ugouly6p@scribd.com
2001EE32,Karlis Ruit,EE,kruit6q@soundcloud.com
2001EE33,Perle Rexworthy,EE,prexworthy6r@example.com
2001EE34,Cathi De Lisle,EE,cde6s@biblegateway.com
2001EE35,Sybilla Rust,EE,srust6t@wordpress.com
2001EE36,Velvet Rubinowicz,EE,vrubinowicz6u@163.com
2001ME31,Margy Ginnell,ME,mginnell90@cnbc.com
2001ME32,Jermaine Dwelley,ME,jdwelley91@google.ru
2001ME33,Fernandina Barnby,ME,fbarnby92@sciencedaily.com
2001ME34,Imelda Knapper,ME,iknapper93@bandcamp.com
2001ME35,Forster Kort,ME,fkort94@usatoday.com
2001ME36,Kent Livsey,ME,klivsey95@php.net
2001MM16,Billie Tewkesberrie,MM,btewkesberrieaw@statcounter.com
2001MM17,Ophelia Hayne,MM,ohayneax@columbia.edu
2001MM18,Celinka Sweetenham,MM,csweetenhamay@businessweek.com
2001CE62,Salomo Pleasance,CE,spleasance3h@hexun.com
2001CS80,Mortimer Nasi,CS,mnasi5t@wix.com
2001EE83,Shel Skep,EE,sskep85@vimeo.com
2001MM37,Michel Osichev,MM,mosichevbh@berkeley.edu
