Roll,Name,Branch,E-mail id
2001CB31,York Martynikhin,CB,ymartynikhinu@rediff.com
2001CB32,Sharity Bille,CB,sbillev@ibm.com
2001CB33,Eustacia Izen,CB,eizenw@howstuffworks.com
2001CB34,Debera Cherry,CB,dcherryx@loc.gov
2001CB35,Joan Coulter,CB,jcoultery@xinhuanet.com
2001CE31,Dallon Wittier,CE,dwittier2m@addtoany.com
2001CE32,Prentiss Gwioneth,CE,pgwioneth2n@edublogs.org
2001CE33,Robyn Nelsey,CE,rnelsey2o@ebay.co.uk
2001CE34,Demetris Ceeley,CE,dceeley2p@sun.com
2001CE35,Danni Withull,CE,dwithull2q@amazonaws.com
2001CS37,Meyer Cubbinelli,CS,mcubbinelli4m@toplist.cz
2001CS38,Ramsey Skelton,CS,rskelton4n@constantcontact.com
2001CS39,Lina Naismith,CS,lnaismith4o@businessweek.com
2001CS40,Boyd McPhate,CS,bmcphate4p@drupal.org
2001CS41,Marie-jeanne Mingardi,CS,mmingardi4q@thetimes.co.uk
2001CS42,Sapphira Mico,CS,smico4r@alibaba.com
2001EE37,Sandro Endicott,EE,sendicott6v@eepurl.com
2001EE38,Cully Hanwright,EE,chanwright6w@mlb.com
2001EE39,Roi Tustin,EE,rtustin6x@craigslist.org
2001EE40,Ray Doleman,EE,rdoleman6y@feedburner.com
2001EE41,Inna Luisetti,EE,iluisetti6z@ed.gov
2001EE42,Barb Sheepy,EE,bsheepy70@sciencedaily.com
2001ME37,Jacobo Whyman,ME,jwhyman96@slideshare.net
2001ME38,Vilhelmina Fleischmann,ME,vfleischmann97@biglobe.ne.jp
2001ME39,Ted Gordon-Giles,ME,tgordongiles98@acquirethisname.com
2001ME40,Eloise Battson,ME,ebattson99@netlog.com
2001ME41,Mellisent Pottery,ME,mpottery9a@163.com
2001ME42,Allyson Blackhall,ME,ablackhall9b@about.me
2001MM19,Caddric Rubroe,MM,crubroeaz@ca.gov
2001MM20,Jayson Adrien,MM,jadrienb0@icq.com
2001MM21,Berne Okey,MM,bokeyb1@facebook.com
2001CE63,Huntington Kettlesting,CE,hkettlesting3i@goo.gl
2001CS81,Rhoda Brisset,CS,rbrisset5u@hexun.com
2001ME73,Phineas Aikin,ME,paikina6@globo.com
2001MM38,Patsy Stoade,MM,pstoadebi@cbc.ca
