Roll,Name,Branch,E-mail id
2001CB36,Brittney Petri,CB,bpetriz@ifeng.com
2001CB37,Edward Mathers,CB,emathers10@google.nl
2001CB38,Tabbie Raoux,CB,traoux11@nhs.uk
2001CB39,Earle Von Brook,CB,evon12@timesonline.co.uk
2001CB40,Axe Thorneywork,CB,athorneywork13@canalblog.com
2001CE36,Maxine Beere,CE,mbeere2r@hp.com
2001CE37,Brook Le Blond,CE,ble2s@fema.gov
2001CE38,Petunia Northwood,CE,pnorthwood2t@clickbank.net
2001CE39,Rudolfo Fellowes,CE,rfellowes2u@webmd.com
2001CE40,Glyn Gaw,CE,ggaw2v@github.io
2001CS43,Joanne Truin,CS,jtruin4s@ca.gov
2001CS44,Wilma Braithwaite,CS,wbraithwaite4t@salon.com
2001CS45,Rosmunda Rosenfarb,CS,rrosenfarb4u@vk.com
2001CS46,Sisely Masarrat,CS,smasarrat4v@columbia.edu
2001CS47,Josselyn Reddel,CS,jreddel4w@ask.com
2001CS48,Juli Amorts,CS,jamorts4x@dion.ne.jp
2001EE43,Aaron Bonavia,EE,abonavia71@gizmodo.com
2001EE44,Connie Carratt,EE,ccarratt72@loc.gov
2001EE45,Birch Schultz,EE,bschultz73@4shared.com
2001EE46,Dall Gosker,EE,dgosker74@sitemeter.com
2001EE47,Reinald Joburn,EE,rjoburn75@google.com.au
2001EE48,Nicol Kersey,EE,nkersey76@icio.us
2001ME43,Minnaminnie Skirvane,ME,mskirvane9c@delicious.com
2001ME44,Clem Manby,ME,cmanby9d@posterous.com
2001ME45,Rhona Coggen,ME,rcoggen9e@nhs.uk
2001ME46,Lydia Jacomb,ME,ljacomb9f@whitehouse.gov
2001ME47,Rafaello Conti,ME,rconti9g@edublogs.org
2001ME48,Lia Dutton,ME,ldutton9h@geocities.com
2001MM22,Anatollo Davenhill,MM,adavenhillb2@usda.gov
2001MM23,Wendie Burgwyn,MM,wburgwynb3@nationalgeographic.com
2001MM24,Boris Casol,MM,bcasolb4@bloglines.com
2001CE64,Bevan Tregust,CE,btregust3j@cyberchimps.com
2001EE73,Karlotte Cullinan,EE,kcullinan7v@comsenz.com
2001ME74,Marlane Domenico,ME,mdomenicoa7@deviantart.com
2001MM39,Randi Rippin,MM,rrippinbj@google.es
