Roll,Name,Branch,E-mail id
2001CB41,Dynah Moakler,CB,dmoakler14@newyorker.com
2001CB42,Adda Glyde,CB,aglyde15@statcounter.com
2001CB43,Flint Knappitt,CB,fknappitt16@cam.ac.uk
2001CB44,Naoma Yackiminie,CB,nyackiminie17@scientificamerican.com
2001CB45,Phylys Ferraresi,CB,pferraresi18@privacy.gov.au
2001CE41,Ardith Shrive,CE,ashrive2w@who.int
2001CE42,Abeu Filintsev,CE,afilintsev2x@reverbnation.com
2001CE43,Bamby Wilkie,CE,bwilkie2y@tinypic.com
2001CE44,Wyn Crole,CE,wcrole2z@pcworld.com
2001CE45,Morgen Sturmey,CE,msturmey30@artisteer.com
2001CS49,Tedda Woodington,CS,twoodington4y@seesaa.net
2001CS50,Roslyn Pieche,CS,rpieche4z@a8.net
2001CS51,Devland Busk,CS,dbusk50@printfriendly.com
2001CS52,Alfons Tixier,CS,atixier51@joomla.org
2001CS53,Anson Spreull,CS,aspreull52@loc.gov
2001CS54,Tasha Studde,CS,tstudde53@typepad.com
2001EE49,Pace Eastman,EE,peastman77@gnu.org
2001EE50,Raeann Schooley,EE,rschooley78@diigo.com
2001EE51,Gayel Lumsdall,EE,glumsdall79@meetup.com
2001EE52,Olenka Paunton,EE,opaunton7a@elpais.com
2001EE53,Traci Hengoed,EE,thengoed7b@cmu.edu
2001EE54,Marga Coulter,EE,mcoulter7c@360.cn
2001ME49,Aurora Giabuzzi,ME,agiabuzzi9i@china.com.cn
2001ME50,Fleming Yosevitz,ME,fyosevitz9j@sogou.com
2001ME51,Malvina Isaq,ME,misaq9k@umn.edu
2001ME52,Celinda Sheavills,ME,csheavills9l@japanpost.jp
2001ME53,Theodore Woolliams,ME,twoolliams9m@latimes.com
2001ME54,Travis Duckham,ME,tduckham9n@etsy.com
2001MM25,Rory Tutsell,MM,rtutsellb5@wikimedia.org
2001MM26,Hew Tolemache,MM,htolemacheb6@last.fm
2001MM27,Bette Oggers,MM,boggersb7@istockphoto.com
2001CE65,Andrus Raddenbury,CE,araddenbury3k@theatlantic.com
2001EE74,George Stelljes,EE,gstelljes7w@blogtalkradio.com
2001ME75,Elwin Sperling,ME,esperlinga8@storify.com
2001MM40,Oswald Spencers,MM,ospencersbk@tumblr.com
