Roll,Name,Branch,E-mail id
2001CB46,Norah Trodler,CB,ntrodler19@un.org
2001CB47,Norby O' Brian,CB,no1a@yolasite.com
2001CB48,Nicol Dimberline,CB,ndimberline1b@godaddy.com
2001CB49,Bail Croster,CB,bcroster1c@hhs.gov
2001CB50,Linc Crinson,CB,lcrinson1d@redcross.org
2001CE46,Hadley Hevey,CE,hhevey31@noaa.gov
2001CE47,Torey Seymour,CE,tseymour32@wikipedia.org
2001CE48,Cicely Mayes,CE,cmayes33@acquirethisname.com
2001CE49,Bess Bradnock,CE,bbradnock34@aol.com
2001CE50,Patric Bridgland,CE,pbridgland35@feedburner.com
2001CS55,Cam Mawson,CS,cmawson54@newsvine.com
2001CS56,Teodor Crowcroft,CS,tcrowcroft55@about.me
2001CS57,Neall McCann,CS,nmccann56@wufoo.com
2001CS58,Cammy O'Doran,CS,codoran57@bizjournals.com
2001CS59,Nanette Kalb,CS,nkalb58@sciencedirect.com
2001CS60,Angel Chessor,CS,achessor59@yandex.ru
2001EE55,Jasun Lochet,EE,jlochet7d@rambler.ru
2001EE56,Nevins Thorrold,EE,nthorrold7e@is.gd
2001EE57,Roxine Elletson,EE,relletson7f@netvibes.com
2001EE58,Ethelred Dowzell,EE,edowzell7g@lycos.com
2001EE59,Arni Bowich,EE,abowich7h@multiply.com
2001EE60,Vidovic Pidgin,EE,vpidgin7i@topsy.com
2001ME55,Bondie Banaszczyk,ME,bbanaszczyk9o@google.com.br
2001ME56,Dorry Deyenhardt,ME,ddeyenhardt9p@newsvine.com
2001ME57,Deeann Ellacombe,ME,dellacombe9q@altervista.org
2001ME58,Nathan Eastgate,ME,neastgate9r@redcross.org
2001ME59,Bethena Stripp,ME,bstripp9s@addtoany.com
2001ME60,Timmie Mecozzi,ME,tmecozzi9t@tumblr.com
2001MM28,Dougy Kubecka,MM,dkubeckab8@xing.com
2001MM29,Carlyle Belamy,MM,cbelamyb9@dell.com
2001MM30,Estella Brikner,MM,ebriknerba@blogs.com
2001CE66,Alys Churchill,CE,achurchill3l@cdc.gov
2001EE75,Jean Onions,EE,jonions7x@ftc.gov
2001ME76,Mohandis Snead,ME,msneada9@java.com
