Roll,Name,Branch,E-mail id
2001CB51,Justin Pesik,CB,jpesik1e@nytimes.com
2001CB52,Arlen Kiddell,CB,akiddell1f@jimdo.com
2001CB53,Erek Rutledge,CB,erutledge1g@rediff.com
2001CB54,Eugene De Hooge,CB,ede1h@blogtalkradio.com
2001CB55,Vitoria Bagshaw,CB,vbagshaw1i@usda.gov
2001CE51,Lezley De Benedetti,CE,lde36@admin.ch
2001CE52,Aldric Bellefonte,CE,abellefonte37@home.pl
2001CE53,Con Sieghart,CE,csieghart38@hud.gov
2001CE54,Delora Farens,CE,dfarens39@opensource.org
2001CE55,Desmund Judkin,CE,djudkin3a@1688.com
2001CS61,Micky Axelbee,CS,maxelbee5a@soup.io
2001CS62,Stearn Malarkey,CS,smalarkey5b@amazonaws.com
2001CS63,Brigham Skarr,CS,bskarr5c@jigsy.com
2001CS64,Anallese Speakman,CS,aspeakman5d@trellian.com
2001CS65,Nester Cleverley,CS,ncleverley5e@indiegogo.com
2001CS66,Cissiee von Nassau,CS,cvon5f@fda.gov
2001EE61,Towney Feary,EE,tfeary7j@elegantthemes.com
2001EE62,Nerte Goney,EE,ngoney7k@usda.gov
2001EE63,Libbie Oxterby,EE,loxterby7l@utexas.edu
2001EE64,Lester MacGray,EE,lmacgray7m@comcast.net
2001EE65,Dall Dumberell,EE,ddumberell7n@apache.org
2001EE66,Jami Schimon,EE,jschimon7o@utexas.edu
2001ME61,Randal Basezzi,ME,rbasezzi9u@so-net.ne.jp
2001ME62,Abran Cursey,ME,acursey9v@mtv.com
2001ME63,Sallyanne Grieveson,ME,sgrieveson9w@foxnews.com
2001ME64,Mathilda Mc Cahey,ME,mmc9x@meetup.com
2001ME65,Mischa Bront,ME,mbront9y@mac.com
2001ME66,Yolanda Lound,ME,ylound9z@w3.org
2001MM31,Camellia Doak,MM,cdoakbb@zdnet.com
2001MM32,Yolande Andrioli,MM,yandriolibc@chron.com
2001MM33,Minda Gudgin,MM,mgudginbd@arizona.edu
2001CS73,Ezri Mac,CS,emac5m@redcross.org
2001EE76,Guy Sesser,EE,gsesser7y@t.co
2001ME77,Imojean Oakland,ME,ioaklandaa@sakura.ne.jp
