Roll,Name,Branch,E-mail id
2001CB56,Kristan Mathiassen,CB,kmathiassen1j@furl.net
2001CB57,Doralynn Ewbanks,CB,dewbanks1k@omniture.com
2001CB58,Jordan Capnor,CB,jcapnor1l@wix.com
2001CB59,Alphard Lesper,CB,alesper1m@freewebs.com
2001CB60,Tera Bohan,CB,tbohan1n@spotify.com
2001CE56,Channa McFadyen,CE,cmcfadyen3b@aboutads.info
2001CE57,Cecil Huttley,CE,chuttley3c@wix.com
2001CE58,Tulley Statter,CE,tstatter3d@apache.org
2001CE59,Tobie Groger,CE,tgroger3e@mapquest.com
2001CE60,Blancha Lau,CE,blau3f@123-reg.co.uk
2001CS67,Alexia Downey,CS,adowney5g@chron.com
2001CS68,Kean Saltmarshe,CS,ksaltmarshe5h@aol.com
2001CS69,Heriberto Roughan,CS,hroughan5i@newyorker.com
2001CS70,Aigneis Bolf,CS,abolf5j@patch.com
2001CS71,Lazarus Andersen,CS,landersen5k@biglobe.ne.jp
2001CS72,Sidonia Muat,CS,smuat5l@spotify.com
2001EE67,Reagan Synnott,EE,rsynnott7p@amazon.com
2001EE68,Elna Toppas,EE,etoppas7q@hostgator.com
2001EE69,Erin Roblin,EE,eroblin7r@latimes.com
2001EE70,Parnell Bryer,EE,pbryer7s@wikispaces.com
2001EE71,Carmela Thursfield,EE,cthursfield7t@army.mil
2001EE72,Auroora MacPeice,EE,amacpeice7u@ca.gov
2001ME67,Marillin Smaridge,ME,msmaridgea0@blog.com
2001ME68,Aksel Bruntjen,ME,abruntjena1@hao123.com
2001ME69,Betsy Wollen,ME,bwollena2@tamu.edu
2001ME70,Sinclare McVittie,ME,smcvittiea3@usda.gov
2001ME71,Culver Scottrell,ME,cscottrella4@wordpress.org
2001ME72,Hillary Page,ME,hpagea5@barnesandnoble.com
2001MM34,Reeba Higgen,MM,rhiggenbe@wisc.edu
2001MM35,Huberto Rohloff,MM,hrohloffbf@oracle.com
2001MM36,Man Baldelli,MM,mbaldellibg@163.com
2001CS74,Bradan Leafe,CS,bleafe5n@lycos.com
2001EE77,Boy Pikesley,EE,bpikesley7z@samsung.com
2001ME78,Carlynne Anthon,ME,canthonab@dailymail.co.uk
